location_id,state_code,state_name,city_name,latitude,longitude
1,AP,Andhra Pradesh,Visakhapatnam,17.6868,83.2185
2,AP,Andhra Pradesh,Vijayawada,16.5062,80.648
3,AR,Arunachal Pradesh,Itanagar,27.0844,93.6053
4,AS,Assam,Guwahati,26.1445,91.7362
5,BR,Bihar,Patna,25.5941,85.1376
6,CG,Chhattisgarh,Raipur,21.2514,81.6296
7,GA,Goa,Panaji,15.4909,73.8278
8,GJ,Gujarat,Ahmedabad,23.0225,72.5714
9,GJ,Gujarat,Surat,21.1702,72.8311
10,GJ,Gujarat,Vadodara,22.3072,73.1812
11,HR,Haryana,Gurugram,28.4595,77.0266
12,HR,Haryana,Faridabad,28.4089,77.3178
13,HP,Himachal Pradesh,Shimla,31.1048,77.1734
14,HP,Himachal Pradesh,Dharamshala,32.219,76.3234
15,JH,Jharkhand,Ranchi,23.3441,85.3096
16,JK,Jammu and Kashmir,Srinagar,34.0837,74.7973
17,JK,Jammu and Kashmir,Jammu,32.7266,74.857
18,KA,Karnataka,Bengaluru,12.9716,77.5946
19,KA,Karnataka,Mysuru,12.2958,76.6394
20,KA,Karnataka,Mangaluru,12.9141,74.856
21,KL,Kerala,Thiruvananthapuram,8.5241,76.9366
22,KL,Kerala,Kochi,9.9312,76.2673
23,KL,Kerala,Kozhikode,11.2588,75.7804
24,MP,Madhya Pradesh,Bhopal,23.2599,77.4126
25,MP,Madhya Pradesh,Indore,22.7196,75.8577
26,MP,Madhya Pradesh,Jabalpur,23.1815,79.9864
27,MH,Maharashtra,Mumbai,19.076,72.8777
28,MH,Maharashtra,Pune,18.5204,73.8567
29,MH,Maharashtra,Nagpur,21.1458,79.0882
30,MH,Maharashtra,Nashik,19.9975,73.7898
31,MN,Manipur,Imphal,24.817,93.9368
32,ML,Meghalaya,Shillong,25.5788,91.8933
33,MZ,Mizoram,Aizawl,23.7271,92.7176
34,NL,Nagaland,Kohima,25.6751,94.1086
35,OD,Odisha,Bhubaneswar,20.2961,85.8245
36,OD,Odisha,Cuttack,20.4625,85.883
37,PB,Punjab,Chandigarh,30.7333,76.7794
38,PB,Punjab,Amritsar,31.634,74.8723
39,RJ,Rajasthan,Jaipur,26.9124,75.7873
40,RJ,Rajasthan,Jodhpur,26.2389,73.0243
41,RJ,Rajasthan,Udaipur,24.5854,73.7125
42,RJ,Rajasthan,Kota,25.2138,75.8648
43,RJ,Rajasthan,Bikaner,28.0229,73.3119
44,SK,Sikkim,Gangtok,27.3389,88.6065
45,TN,Tamil Nadu,Chennai,13.0827,80.2707
46,TN,Tamil Nadu,Coimbatore,11.0168,76.9558
47,TN,Tamil Nadu,Madurai,9.9252,78.1198
48,TN,Tamil Nadu,Tiruchirappalli,10.7905,78.7047
49,TS,Telangana,Hyderabad,17.385,78.4867
50,TS,Telangana,Warangal,17.9689,79.5941
51,TR,Tripura,Agartala,23.8315,91.2868
52,UK,Uttarakhand,Dehradun,30.3165,78.0322
53,UK,Uttarakhand,Nainital,29.3919,79.4542
54,UP,Uttar Pradesh,Lucknow,26.8467,80.9462
55,UP,Uttar Pradesh,Kanpur,26.4499,80.3319
56,UP,Uttar Pradesh,Varanasi,25.3176,82.9739
57,UP,Uttar Pradesh,Agra,27.1767,78.0081
58,UP,Uttar Pradesh,Prayagraj,25.4358,81.8463
59,WB,West Bengal,Kolkata,22.5726,88.3639
60,WB,West Bengal,Siliguri,26.7271,88.3953
61,DL,Delhi,New Delhi,28.6139,77.209
62,CH,Chandigarh,Chandigarh,30.7333,76.7794
63,PY,Puducherry,Puducherry,11.9416,79.8083
64,JK,Jammu and Kashmir,Leh,34.1526,77.5771
65,LA,Ladakh,Kargil,34.5553,76.1349
66,AN,Andaman and Nicobar Islands,Port Blair,11.6234,92.7265
67,AS,Assam,Dibrugarh,27.4728,94.912
68,BR,Bihar,Gaya,24.7914,85.0002
69,CG,Chhattisgarh,Bilaspur,22.0796,82.1391
70,GJ,Gujarat,Rajkot,22.3039,70.8022
71,HR,Haryana,Hisar,29.1492,75.7217
72,HP,Himachal Pradesh,Mandi,31.7087,76.932
73,JH,Jharkhand,Jamshedpur,22.8046,86.2029
74,KA,Karnataka,Hubballi,15.3647,75.124
75,KL,Kerala,Thrissur,10.5276,76.2144
76,MP,Madhya Pradesh,Gwalior,26.2183,78.1828
77,MH,Maharashtra,Aurangabad,19.8762,75.3433
78,MH,Maharashtra,Kolhapur,16.705,74.2433
79,MN,Manipur,Thoubal,24.6387,94.01
80,OD,Odisha,Rourkela,22.2604,84.8536
81,PB,Punjab,Ludhiana,30.901,75.8573
82,RJ,Rajasthan,Ajmer,26.4499,74.6399
83,RJ,Rajasthan,Alwar,27.553,76.6346
84,TN,Tamil Nadu,Salem,11.6643,78.146
85,TN,Tamil Nadu,Tirunelveli,8.7139,77.7567
86,TS,Telangana,Nizamabad,18.6725,78.0941
87,UP,Uttar Pradesh,Meerut,28.9845,77.7064
88,UP,Uttar Pradesh,Bareilly,28.367,79.4304
89,WB,West Bengal,Durgapur,23.5204,87.3119
90,WB,West Bengal,Howrah,22.5958,88.2636
91,AP,Andhra Pradesh,Tirupati,13.6288,79.4192
92,AS,Assam,Jorhat,26.7509,94.2037
93,GJ,Gujarat,Bhavnagar,21.7645,72.1519
94,KA,Karnataka,Belagavi,15.8497,74.4977
95,KL,Kerala,Kannur,11.8745,75.3704
96,MH,Maharashtra,Solapur,17.6599,75.9064
97,RJ,Rajasthan,Bharatpur,27.2152,77.503
98,UK,Uttarakhand,Haridwar,29.9457,78.1642
99,UP,Uttar Pradesh,Gorakhpur,26.7606,83.3732
100,WB,West Bengal,Asansol,23.6739,87.0797
